country,year,unit,value
Afghanistan,2009-2011,millions,6900000.0
Afghanistan,2011-2013,millions,8800000.0
Afghanistan,2013-2015,millions,8100000.0
Afghanistan,2015-2017,millions,7800000.0
Afghanistan,2017-2019,millions,8700000.0
Albania,2009-2011,millions,100000.0
Albania,2011-2013,millions,100000.0
Albania,2013-2015,millions,100000.0
Albania,2015-2017,millions,100000.0
Albania,2017-2019,millions,100000.0
Algeria,2009-2011,millions,1600000.0
Algeria,2011-2013,millions,1200000.0
Algeria,2013-2015,millions,1100000.0
Algeria,2015-2017,millions,1100000.0
Algeria,2017-2019,millions,
American Samoa,2009-2011,millions,
American Samoa,2011-2013,millions,
American Samoa,2013-2015,millions,
American Samoa,2015-2017,millions,
American Samoa,2017-2019,millions,
Andorra,2009-2011,millions,
Andorra,2011-2013,millions,
Andorra,2013-2015,millions,
Andorra,2015-2017,millions,
Andorra,2017-2019,millions,
Angola,2009-2011,millions,5700000.0
Angola,2011-2013,millions,4099999.9999999995
Angola,2013-2015,millions,3800000.0
Angola,2015-2017,millions,4400000.0
Angola,2017-2019,millions,4800000.0
Antigua and Barbuda,2009-2011,millions,
Antigua and Barbuda,2011-2013,millions,
Antigua and Barbuda,2013-2015,millions,
Antigua and Barbuda,2015-2017,millions,
Antigua and Barbuda,2017-2019,millions,
Argentina,2009-2011,millions,1400000.0
Argentina,2011-2013,millions,1300000.0
Argentina,2013-2015,millions,
Argentina,2015-2017,millions,1100000.0
Argentina,2017-2019,millions,1500000.0
Armenia,2009-2011,millions,100000.0
Armenia,2011-2013,millions,100000.0
Armenia,2013-2015,millions,100000.0
Armenia,2015-2017,millions,100000.0
Armenia,2017-2019,millions,100000.0
Australia,2009-2011,millions,
Australia,2011-2013,millions,
Australia,2013-2015,millions,
Australia,2015-2017,millions,
Australia,2017-2019,millions,
Austria,2009-2011,millions,
Austria,2011-2013,millions,
Austria,2013-2015,millions,
Austria,2015-2017,millions,
Austria,2017-2019,millions,
Azerbaijan,2009-2011,millions,
Azerbaijan,2011-2013,millions,
Azerbaijan,2013-2015,millions,
Azerbaijan,2015-2017,millions,
Azerbaijan,2017-2019,millions,
Bahamas,2009-2011,millions,
Bahamas,2011-2013,millions,
Bahamas,2013-2015,millions,
Bahamas,2015-2017,millions,
Bahamas,2017-2019,millions,
Bahrain,2009-2011,millions,
Bahrain,2011-2013,millions,
Bahrain,2013-2015,millions,
Bahrain,2015-2017,millions,
Bahrain,2017-2019,millions,
Bangladesh,2009-2011,millions,22400000.0
Bangladesh,2011-2013,millions,23400000.0
Bangladesh,2013-2015,millions,21900000.0
Bangladesh,2015-2017,millions,21000000.0
Bangladesh,2017-2019,millions,17500000.0
Barbados,2009-2011,millions,100000.0
Barbados,2011-2013,millions,100000.0
Barbados,2013-2015,millions,100000.0
Barbados,2015-2017,millions,100000.0
Barbados,2017-2019,millions,100000.0
Belarus,2009-2011,millions,
Belarus,2011-2013,millions,
Belarus,2013-2015,millions,
Belarus,2015-2017,millions,
Belarus,2017-2019,millions,
Belgium,2009-2011,millions,
Belgium,2011-2013,millions,
Belgium,2013-2015,millions,
Belgium,2015-2017,millions,
Belgium,2017-2019,millions,
Belize,2009-2011,millions,100000.0
Belize,2011-2013,millions,100000.0
Belize,2013-2015,millions,100000.0
Belize,2015-2017,millions,100000.0
Belize,2017-2019,millions,100000.0
Benin,2009-2011,millions,800000.0
Benin,2011-2013,millions,800000.0
Benin,2013-2015,millions,800000.0
Benin,2015-2017,millions,800000.0
Benin,2017-2019,millions,800000.0
Bermuda,2009-2011,millions,
Bermuda,2011-2013,millions,
Bermuda,2013-2015,millions,
Bermuda,2015-2017,millions,
Bermuda,2017-2019,millions,
Bhutan,2009-2011,millions,
Bhutan,2011-2013,millions,
Bhutan,2013-2015,millions,
Bhutan,2015-2017,millions,
Bhutan,2017-2019,millions,
Bolivia (Plurinational State of),2009-2011,millions,2000000.0
Bolivia (Plurinational State of),2011-2013,millions,1700000.0
Bolivia (Plurinational State of),2013-2015,millions,1700000.0
Bolivia (Plurinational State of),2015-2017,millions,1400000.0
Bolivia (Plurinational State of),2017-2019,millions,1400000.0
Bosnia and Herzegovina,2009-2011,millions,
Bosnia and Herzegovina,2011-2013,millions,
Bosnia and Herzegovina,2013-2015,millions,
Bosnia and Herzegovina,2015-2017,millions,
Bosnia and Herzegovina,2017-2019,millions,
Botswana,2009-2011,millions,600000.0
Botswana,2011-2013,millions,600000.0
Botswana,2013-2015,millions,600000.0
Botswana,2015-2017,millions,600000.0
Botswana,2017-2019,millions,700000.0
Brazil,2009-2011,millions,7600000.0
Brazil,2011-2013,millions,6100000.0
Brazil,2013-2015,millions,5200000.0
Brazil,2015-2017,millions,
Brazil,2017-2019,millions,
Brunei Darussalam,2009-2011,millions,
Brunei Darussalam,2011-2013,millions,
Brunei Darussalam,2013-2015,millions,
Brunei Darussalam,2015-2017,millions,
Brunei Darussalam,2017-2019,millions,
Bulgaria,2009-2011,millions,300000.0
Bulgaria,2011-2013,millions,300000.0
Bulgaria,2013-2015,millions,200000.0
Bulgaria,2015-2017,millions,300000.0
Bulgaria,2017-2019,millions,200000.0
Burkina Faso,2009-2011,millions,2100000.0
Burkina Faso,2011-2013,millions,2100000.0
Burkina Faso,2013-2015,millions,2100000.0
Burkina Faso,2015-2017,millions,2300000.0
Burkina Faso,2017-2019,millions,2500000.0
Burundi,2009-2011,millions,
Burundi,2011-2013,millions,
Burundi,2013-2015,millions,
Burundi,2015-2017,millions,
Burundi,2017-2019,millions,
Cabo Verde,2009-2011,millions,100000.0
Cabo Verde,2011-2013,millions,100000.0
Cabo Verde,2013-2015,millions,100000.0
Cabo Verde,2015-2017,millions,100000.0
Cabo Verde,2017-2019,millions,100000.0
Cambodia,2009-2011,millions,1900000.0
Cambodia,2011-2013,millions,1800000.0
Cambodia,2013-2015,millions,1500000.0
Cambodia,2015-2017,millions,1300000.0
Cambodia,2017-2019,millions,1100000.0
Cameroon,2009-2011,millions,1500000.0
Cameroon,2011-2013,millions,1300000.0
Cameroon,2013-2015,millions,1200000.0
Cameroon,2015-2017,millions,1300000.0
Cameroon,2017-2019,millions,1400000.0
Canada,2009-2011,millions,
Canada,2011-2013,millions,
Canada,2013-2015,millions,
Canada,2015-2017,millions,
Canada,2017-2019,millions,
Central African Republic,2009-2011,millions,1300000.0
Central African Republic,2011-2013,millions,1500000.0
Central African Republic,2013-2015,millions,2200000.0
Central African Republic,2015-2017,millions,2200000.0
Central African Republic,2017-2019,millions,2200000.0
Chad,2009-2011,millions,4300000.0
Chad,2011-2013,millions,4300000.0
Chad,2013-2015,millions,4099999.9999999995
Chad,2015-2017,millions,4200000.0
Chad,2017-2019,millions,4700000.0
Chile,2009-2011,millions,600000.0
Chile,2011-2013,millions,600000.0
Chile,2013-2015,millions,500000.0
Chile,2015-2017,millions,600000.0
Chile,2017-2019,millions,600000.0
"China, Hong Kong SAR",2009-2011,millions,
"China, Hong Kong SAR",2011-2013,millions,
"China, Hong Kong SAR",2013-2015,millions,
"China, Hong Kong SAR",2015-2017,millions,
"China, Hong Kong SAR",2017-2019,millions,
"China, Macao SAR",2009-2011,millions,100000.0
"China, Macao SAR",2011-2013,millions,100000.0
"China, Macao SAR",2013-2015,millions,100000.0
"China, Macao SAR",2015-2017,millions,100000.0
"China, Macao SAR",2017-2019,millions,100000.0
"China, mainland",2009-2011,millions,
"China, mainland",2011-2013,millions,
"China, mainland",2013-2015,millions,
"China, mainland",2015-2017,millions,
"China, mainland",2017-2019,millions,
"China, Taiwan Province of",2009-2011,millions,1100000.0
"China, Taiwan Province of",2011-2013,millions,1000000.0
"China, Taiwan Province of",2013-2015,millions,900000.0
"China, Taiwan Province of",2015-2017,millions,900000.0
"China, Taiwan Province of",2017-2019,millions,800000.0
Colombia,2009-2011,millions,5900000.0
Colombia,2011-2013,millions,4600000.0
Colombia,2013-2015,millions,3400000.0
Colombia,2015-2017,millions,3300000.0
Colombia,2017-2019,millions,3900000.0
Comoros,2009-2011,millions,
Comoros,2011-2013,millions,
Comoros,2013-2015,millions,
Comoros,2015-2017,millions,
Comoros,2017-2019,millions,
Congo,2009-2011,millions,1600000.0
Congo,2011-2013,millions,1500000.0
Congo,2013-2015,millions,1500000.0
Congo,2015-2017,millions,1700000.0
Congo,2017-2019,millions,1900000.0
Cook Islands,2009-2011,millions,
Cook Islands,2011-2013,millions,
Cook Islands,2013-2015,millions,
Cook Islands,2015-2017,millions,
Cook Islands,2017-2019,millions,
Costa Rica,2009-2011,millions,200000.0
Costa Rica,2011-2013,millions,200000.0
Costa Rica,2013-2015,millions,200000.0
Costa Rica,2015-2017,millions,200000.0
Costa Rica,2017-2019,millions,100000.0
C?te d'Ivoire,2009-2011,millions,4600000.0
C?te d'Ivoire,2011-2013,millions,4700000.0
C?te d'Ivoire,2013-2015,millions,4200000.0
C?te d'Ivoire,2015-2017,millions,3700000.0
C?te d'Ivoire,2017-2019,millions,3700000.0
Croatia,2009-2011,millions,
Croatia,2011-2013,millions,
Croatia,2013-2015,millions,
Croatia,2015-2017,millions,
Croatia,2017-2019,millions,
Cuba,2009-2011,millions,
Cuba,2011-2013,millions,
Cuba,2013-2015,millions,
Cuba,2015-2017,millions,
Cuba,2017-2019,millions,
Cyprus,2009-2011,millions,100000.0
Cyprus,2011-2013,millions,100000.0
Cyprus,2013-2015,millions,100000.0
Cyprus,2015-2017,millions,
Cyprus,2017-2019,millions,
Czechia,2009-2011,millions,
Czechia,2011-2013,millions,
Czechia,2013-2015,millions,
Czechia,2015-2017,millions,
Czechia,2017-2019,millions,
Democratic People's Republic of Korea,2009-2011,millions,10500000.0
Democratic People's Republic of Korea,2011-2013,millions,10600000.0
Democratic People's Republic of Korea,2013-2015,millions,10200000.0
Democratic People's Republic of Korea,2015-2017,millions,10400000.0
Democratic People's Republic of Korea,2017-2019,millions,10900000.0
Democratic Republic of the Congo,2009-2011,millions,25100000.0
Democratic Republic of the Congo,2011-2013,millions,28600000.0
Democratic Republic of the Congo,2013-2015,millions,30000000.0
Democratic Republic of the Congo,2015-2017,millions,31500000.0
Democratic Republic of the Congo,2017-2019,millions,34000000.0
Denmark,2009-2011,millions,
Denmark,2011-2013,millions,
Denmark,2013-2015,millions,
Denmark,2015-2017,millions,
Denmark,2017-2019,millions,
Djibouti,2009-2011,millions,200000.0
Djibouti,2011-2013,millions,200000.0
Djibouti,2013-2015,millions,200000.0
Djibouti,2015-2017,millions,200000.0
Djibouti,2017-2019,millions,200000.0
Dominica,2009-2011,millions,100000.0
Dominica,2011-2013,millions,100000.0
Dominica,2013-2015,millions,100000.0
Dominica,2015-2017,millions,100000.0
Dominica,2017-2019,millions,100000.0
Dominican Republic,2009-2011,millions,1200000.0
Dominican Republic,2011-2013,millions,1000000.0
Dominican Republic,2013-2015,millions,800000.0
Dominican Republic,2015-2017,millions,700000.0
Dominican Republic,2017-2019,millions,700000.0
Ecuador,2009-2011,millions,1800000.0
Ecuador,2011-2013,millions,1400000.0
Ecuador,2013-2015,millions,1400000.0
Ecuador,2015-2017,millions,1600000.0
Ecuador,2017-2019,millions,1900000.0
Egypt,2009-2011,millions,4400000.0
Egypt,2011-2013,millions,4500000.0
Egypt,2013-2015,millions,4200000.0
Egypt,2015-2017,millions,4300000.0
Egypt,2017-2019,millions,5000000.0
El Salvador,2009-2011,millions,700000.0
El Salvador,2011-2013,millions,700000.0
El Salvador,2013-2015,millions,700000.0
El Salvador,2015-2017,millions,600000.0
El Salvador,2017-2019,millions,600000.0
Equatorial Guinea,2009-2011,millions,
Equatorial Guinea,2011-2013,millions,
Equatorial Guinea,2013-2015,millions,
Equatorial Guinea,2015-2017,millions,
Equatorial Guinea,2017-2019,millions,
Eritrea,2009-2011,millions,
Eritrea,2011-2013,millions,
Eritrea,2013-2015,millions,
Eritrea,2015-2017,millions,
Eritrea,2017-2019,millions,
Estonia,2009-2011,millions,
Estonia,2011-2013,millions,
Estonia,2013-2015,millions,
Estonia,2015-2017,millions,
Estonia,2017-2019,millions,
Eswatini,2009-2011,millions,200000.0
Eswatini,2011-2013,millions,200000.0
Eswatini,2013-2015,millions,100000.0
Eswatini,2015-2017,millions,100000.0
Eswatini,2017-2019,millions,100000.0
Ethiopia,2009-2011,millions,24200000.0
Ethiopia,2011-2013,millions,23400000.0
Ethiopia,2013-2015,millions,17400000.0
Ethiopia,2015-2017,millions,14300000.0
Ethiopia,2017-2019,millions,15700000.0
Fiji,2009-2011,millions,100000.0
Fiji,2011-2013,millions,100000.0
Fiji,2013-2015,millions,100000.0
Fiji,2015-2017,millions,100000.0
Fiji,2017-2019,millions,100000.0
Finland,2009-2011,millions,
Finland,2011-2013,millions,
Finland,2013-2015,millions,
Finland,2015-2017,millions,
Finland,2017-2019,millions,
France,2009-2011,millions,
France,2011-2013,millions,
France,2013-2015,millions,
France,2015-2017,millions,
France,2017-2019,millions,
French Polynesia,2009-2011,millions,100000.0
French Polynesia,2011-2013,millions,100000.0
French Polynesia,2013-2015,millions,100000.0
French Polynesia,2015-2017,millions,100000.0
French Polynesia,2017-2019,millions,100000.0
Gabon,2009-2011,millions,300000.0
Gabon,2011-2013,millions,300000.0
Gabon,2013-2015,millions,300000.0
Gabon,2015-2017,millions,300000.0
Gabon,2017-2019,millions,300000.0
Gambia,2009-2011,millions,200000.0
Gambia,2011-2013,millions,200000.0
Gambia,2013-2015,millions,200000.0
Gambia,2015-2017,millions,300000.0
Gambia,2017-2019,millions,300000.0
Georgia,2009-2011,millions,200000.0
Georgia,2011-2013,millions,200000.0
Georgia,2013-2015,millions,300000.0
Georgia,2015-2017,millions,300000.0
Georgia,2017-2019,millions,300000.0
Germany,2009-2011,millions,
Germany,2011-2013,millions,
Germany,2013-2015,millions,
Germany,2015-2017,millions,
Germany,2017-2019,millions,
Ghana,2009-2011,millions,1600000.0
Ghana,2011-2013,millions,1900000.0
Ghana,2013-2015,millions,2000000.0
Ghana,2015-2017,millions,2200000.0
Ghana,2017-2019,millions,1900000.0
Greece,2009-2011,millions,
Greece,2011-2013,millions,
Greece,2013-2015,millions,
Greece,2015-2017,millions,
Greece,2017-2019,millions,
Greenland,2009-2011,millions,
Greenland,2011-2013,millions,
Greenland,2013-2015,millions,
Greenland,2015-2017,millions,
Greenland,2017-2019,millions,
Grenada,2009-2011,millions,
Grenada,2011-2013,millions,
Grenada,2013-2015,millions,
Grenada,2015-2017,millions,
Grenada,2017-2019,millions,
Guatemala,2009-2011,millions,2400000.0
Guatemala,2011-2013,millions,2600000.0
Guatemala,2013-2015,millions,2800000.0
Guatemala,2015-2017,millions,2700000.0
Guatemala,2017-2019,millions,2800000.0
Guinea,2009-2011,millions,
Guinea,2011-2013,millions,
Guinea,2013-2015,millions,
Guinea,2015-2017,millions,
Guinea,2017-2019,millions,
Guinea-Bissau,2009-2011,millions,
Guinea-Bissau,2011-2013,millions,
Guinea-Bissau,2013-2015,millions,
Guinea-Bissau,2015-2017,millions,
Guinea-Bissau,2017-2019,millions,
Guyana,2009-2011,millions,100000.0
Guyana,2011-2013,millions,100000.0
Guyana,2013-2015,millions,100000.0
Guyana,2015-2017,millions,100000.0
Guyana,2017-2019,millions,100000.0
Haiti,2009-2011,millions,4700000.0
Haiti,2011-2013,millions,4900000.0
Haiti,2013-2015,millions,4900000.0
Haiti,2015-2017,millions,5100000.0
Haiti,2017-2019,millions,5300000.0
Honduras,2009-2011,millions,1300000.0
Honduras,2011-2013,millions,1200000.0
Honduras,2013-2015,millions,1300000.0
Honduras,2015-2017,millions,1300000.0
Honduras,2017-2019,millions,1300000.0
Hungary,2009-2011,millions,
Hungary,2011-2013,millions,
Hungary,2013-2015,millions,
Hungary,2015-2017,millions,
Hungary,2017-2019,millions,
Iceland,2009-2011,millions,
Iceland,2011-2013,millions,
Iceland,2013-2015,millions,
Iceland,2015-2017,millions,
Iceland,2017-2019,millions,
India,2009-2011,millions,197200000.0
India,2011-2013,millions,189900000.0
India,2013-2015,millions,193300000.0
India,2015-2017,millions,187600000.0
India,2017-2019,millions,189900000.0
Indonesia,2009-2011,millions,31300000.0
Indonesia,2011-2013,millions,23400000.0
Indonesia,2013-2015,millions,19600000.0
Indonesia,2015-2017,millions,17700000.0
Indonesia,2017-2019,millions,17200000.0
Iran (Islamic Republic of),2009-2011,millions,4400000.0
Iran (Islamic Republic of),2011-2013,millions,4700000.0
Iran (Islamic Republic of),2013-2015,millions,3800000.0
Iran (Islamic Republic of),2015-2017,millions,3900000.0
Iran (Islamic Republic of),2017-2019,millions,4400000.0
Iraq,2009-2011,millions,9400000.0
Iraq,2011-2013,millions,11800000.0
Iraq,2013-2015,millions,12600000.0
Iraq,2015-2017,millions,14100000.0
Iraq,2017-2019,millions,14400000.0
Ireland,2009-2011,millions,
Ireland,2011-2013,millions,
Ireland,2013-2015,millions,
Ireland,2015-2017,millions,
Ireland,2017-2019,millions,
Israel,2009-2011,millions,
Israel,2011-2013,millions,
Israel,2013-2015,millions,
Israel,2015-2017,millions,
Israel,2017-2019,millions,
Italy,2009-2011,millions,
Italy,2011-2013,millions,
Italy,2013-2015,millions,
Italy,2015-2017,millions,
Italy,2017-2019,millions,
Jamaica,2009-2011,millions,300000.0
Jamaica,2011-2013,millions,300000.0
Jamaica,2013-2015,millions,300000.0
Jamaica,2015-2017,millions,300000.0
Jamaica,2017-2019,millions,200000.0
Japan,2009-2011,millions,3400000.0
Japan,2011-2013,millions,
Japan,2013-2015,millions,
Japan,2015-2017,millions,
Japan,2017-2019,millions,
Jordan,2009-2011,millions,500000.0
Jordan,2011-2013,millions,700000.0
Jordan,2013-2015,millions,600000.0
Jordan,2015-2017,millions,700000.0
Jordan,2017-2019,millions,800000.0
Kazakhstan,2009-2011,millions,600000.0
Kazakhstan,2011-2013,millions,500000.0
Kazakhstan,2013-2015,millions,
Kazakhstan,2015-2017,millions,
Kazakhstan,2017-2019,millions,500000.0
Kenya,2009-2011,millions,10200000.0
Kenya,2011-2013,millions,11000000.0
Kenya,2013-2015,millions,9800000.0
Kenya,2015-2017,millions,11400000.0
Kenya,2017-2019,millions,12500000.0
Kiribati,2009-2011,millions,100000.0
Kiribati,2011-2013,millions,100000.0
Kiribati,2013-2015,millions,100000.0
Kiribati,2015-2017,millions,100000.0
Kiribati,2017-2019,millions,100000.0
Kuwait,2009-2011,millions,
Kuwait,2011-2013,millions,
Kuwait,2013-2015,millions,
Kuwait,2015-2017,millions,
Kuwait,2017-2019,millions,
Kyrgyzstan,2009-2011,millions,500000.0
Kyrgyzstan,2011-2013,millions,500000.0
Kyrgyzstan,2013-2015,millions,400000.0
Kyrgyzstan,2015-2017,millions,500000.0
Kyrgyzstan,2017-2019,millions,500000.0
Lao People's Democratic Republic,2009-2011,millions,1000000.0
Lao People's Democratic Republic,2011-2013,millions,900000.0
Lao People's Democratic Republic,2013-2015,millions,600000.0
Lao People's Democratic Republic,2015-2017,millions,400000.0
Lao People's Democratic Republic,2017-2019,millions,400000.0
Latvia,2009-2011,millions,
Latvia,2011-2013,millions,
Latvia,2013-2015,millions,
Latvia,2015-2017,millions,
Latvia,2017-2019,millions,
Lebanon,2009-2011,millions,500000.0
Lebanon,2011-2013,millions,800000.0
Lebanon,2013-2015,millions,600000.0
Lebanon,2015-2017,millions,400000.0
Lebanon,2017-2019,millions,500000.0
Lesotho,2009-2011,millions,200000.0
Lesotho,2011-2013,millions,200000.0
Lesotho,2013-2015,millions,400000.0
Lesotho,2015-2017,millions,600000.0
Lesotho,2017-2019,millions,400000.0
Liberia,2009-2011,millions,1300000.0
Liberia,2011-2013,millions,1500000.0
Liberia,2013-2015,millions,1600000.0
Liberia,2015-2017,millions,1700000.0
Liberia,2017-2019,millions,1800000.0
Libya,2009-2011,millions,
Libya,2011-2013,millions,
Libya,2013-2015,millions,
Libya,2015-2017,millions,
Libya,2017-2019,millions,
Lithuania,2009-2011,millions,
Lithuania,2011-2013,millions,
Lithuania,2013-2015,millions,
Lithuania,2015-2017,millions,
Lithuania,2017-2019,millions,
Luxembourg,2009-2011,millions,
Luxembourg,2011-2013,millions,
Luxembourg,2013-2015,millions,
Luxembourg,2015-2017,millions,
Luxembourg,2017-2019,millions,
Madagascar,2009-2011,millions,6100000.0
Madagascar,2011-2013,millions,6600000.0
Madagascar,2013-2015,millions,8900000.0
Madagascar,2015-2017,millions,10300000.0
Madagascar,2017-2019,millions,11200000.0
Malawi,2009-2011,millions,2400000.0
Malawi,2011-2013,millions,2400000.0
Malawi,2013-2015,millions,2600000.0
Malawi,2015-2017,millions,2800000.0
Malawi,2017-2019,millions,3100000.0
Malaysia,2009-2011,millions,900000.0
Malaysia,2011-2013,millions,800000.0
Malaysia,2013-2015,millions,1000000.0
Malaysia,2015-2017,millions,1100000.0
Malaysia,2017-2019,millions,1000000.0
Maldives,2009-2011,millions,
Maldives,2011-2013,millions,
Maldives,2013-2015,millions,
Maldives,2015-2017,millions,
Maldives,2017-2019,millions,
Mali,2009-2011,millions,900000.0
Mali,2011-2013,millions,800000.0
Mali,2013-2015,millions,800000.0
Mali,2015-2017,millions,900000.0
Mali,2017-2019,millions,1500000.0
Malta,2009-2011,millions,
Malta,2011-2013,millions,
Malta,2013-2015,millions,
Malta,2015-2017,millions,
Malta,2017-2019,millions,
Marshall Islands,2009-2011,millions,
Marshall Islands,2011-2013,millions,
Marshall Islands,2013-2015,millions,
Marshall Islands,2015-2017,millions,
Marshall Islands,2017-2019,millions,
Mauritania,2009-2011,millions,300000.0
Mauritania,2011-2013,millions,300000.0
Mauritania,2013-2015,millions,300000.0
Mauritania,2015-2017,millions,400000.0
Mauritania,2017-2019,millions,400000.0
Mauritius,2009-2011,millions,100000.0
Mauritius,2011-2013,millions,100000.0
Mauritius,2013-2015,millions,100000.0
Mauritius,2015-2017,millions,100000.0
Mauritius,2017-2019,millions,100000.0
Mexico,2009-2011,millions,5700000.0
Mexico,2011-2013,millions,5600000.0
Mexico,2013-2015,millions,5300000.0
Mexico,2015-2017,millions,7100000.0
Mexico,2017-2019,millions,7800000.0
Micronesia (Federated States of),2009-2011,millions,
Micronesia (Federated States of),2011-2013,millions,
Micronesia (Federated States of),2013-2015,millions,
Micronesia (Federated States of),2015-2017,millions,
Micronesia (Federated States of),2017-2019,millions,
Mongolia,2009-2011,millions,500000.0
Mongolia,2011-2013,millions,500000.0
Mongolia,2013-2015,millions,300000.0
Mongolia,2015-2017,millions,200000.0
Mongolia,2017-2019,millions,200000.0
Montenegro,2009-2011,millions,
Montenegro,2011-2013,millions,
Montenegro,2013-2015,millions,
Montenegro,2015-2017,millions,
Montenegro,2017-2019,millions,
Morocco,2009-2011,millions,1800000.0
Morocco,2011-2013,millions,1600000.0
Morocco,2013-2015,millions,1400000.0
Morocco,2015-2017,millions,1300000.0
Morocco,2017-2019,millions,1300000.0
Mozambique,2009-2011,millions,5700000.0
Mozambique,2011-2013,millions,5200000.0
Mozambique,2013-2015,millions,6800000.0
Mozambique,2015-2017,millions,8800000.0
Mozambique,2017-2019,millions,9100000.0
Myanmar,2009-2011,millions,6600000.0
Myanmar,2011-2013,millions,5800000.0
Myanmar,2013-2015,millions,5100000.0
Myanmar,2015-2017,millions,4500000.0
Myanmar,2017-2019,millions,4200000.0
Namibia,2009-2011,millions,700000.0
Namibia,2011-2013,millions,700000.0
Namibia,2013-2015,millions,500000.0
Namibia,2015-2017,millions,500000.0
Namibia,2017-2019,millions,500000.0
Nauru,2009-2011,millions,
Nauru,2011-2013,millions,
Nauru,2013-2015,millions,
Nauru,2015-2017,millions,
Nauru,2017-2019,millions,
Nepal,2009-2011,millions,2800000.0
Nepal,2011-2013,millions,2200000.0
Nepal,2013-2015,millions,1700000.0
Nepal,2015-2017,millions,1200000.0
Nepal,2017-2019,millions,1200000.0
Netherlands,2009-2011,millions,
Netherlands,2011-2013,millions,
Netherlands,2013-2015,millions,
Netherlands,2015-2017,millions,
Netherlands,2017-2019,millions,
New Caledonia,2009-2011,millions,100000.0
New Caledonia,2011-2013,millions,100000.0
New Caledonia,2013-2015,millions,100000.0
New Caledonia,2015-2017,millions,100000.0
New Caledonia,2017-2019,millions,100000.0
New Zealand,2009-2011,millions,
New Zealand,2011-2013,millions,
New Zealand,2013-2015,millions,
New Zealand,2015-2017,millions,
New Zealand,2017-2019,millions,
Nicaragua,2009-2011,millions,1200000.0
Nicaragua,2011-2013,millions,1100000.0
Nicaragua,2013-2015,millions,1100000.0
Nicaragua,2015-2017,millions,1100000.0
Nicaragua,2017-2019,millions,1200000.0
Niger,2009-2011,millions,
Niger,2011-2013,millions,
Niger,2013-2015,millions,
Niger,2015-2017,millions,
Niger,2017-2019,millions,
Nigeria,2009-2011,millions,12400000.0
Nigeria,2011-2013,millions,14700000.0
Nigeria,2013-2015,millions,16500000.0
Nigeria,2015-2017,millions,17500000.0
Nigeria,2017-2019,millions,21000000.0
Niue,2009-2011,millions,
Niue,2011-2013,millions,
Niue,2013-2015,millions,
Niue,2015-2017,millions,
Niue,2017-2019,millions,
North Macedonia,2009-2011,millions,100000.0
North Macedonia,2011-2013,millions,100000.0
North Macedonia,2013-2015,millions,100000.0
North Macedonia,2015-2017,millions,100000.0
North Macedonia,2017-2019,millions,
Norway,2009-2011,millions,
Norway,2011-2013,millions,
Norway,2013-2015,millions,
Norway,2015-2017,millions,
Norway,2017-2019,millions,
Oman,2009-2011,millions,300000.0
Oman,2011-2013,millions,300000.0
Oman,2013-2015,millions,300000.0
Oman,2015-2017,millions,400000.0
Oman,2017-2019,millions,400000.0
Pakistan,2009-2011,millions,28600000.0
Pakistan,2011-2013,millions,29700000.0
Pakistan,2013-2015,millions,27100000.0
Pakistan,2015-2017,millions,25200000.0
Pakistan,2017-2019,millions,25800000.0
Palau,2009-2011,millions,
Palau,2011-2013,millions,
Palau,2013-2015,millions,
Palau,2015-2017,millions,
Palau,2017-2019,millions,
Palestine,2009-2011,millions,
Palestine,2011-2013,millions,
Palestine,2013-2015,millions,
Palestine,2015-2017,millions,
Palestine,2017-2019,millions,
Panama,2009-2011,millions,400000.0
Panama,2011-2013,millions,300000.0
Panama,2013-2015,millions,300000.0
Panama,2015-2017,millions,300000.0
Panama,2017-2019,millions,300000.0
Papua New Guinea,2009-2011,millions,1700000.0
Papua New Guinea,2011-2013,millions,1600000.0
Papua New Guinea,2013-2015,millions,1900000.0
Papua New Guinea,2015-2017,millions,2100000.0
Papua New Guinea,2017-2019,millions,2100000.0
Paraguay,2009-2011,millions,500000.0
Paraguay,2011-2013,millions,500000.0
Paraguay,2013-2015,millions,500000.0
Paraguay,2015-2017,millions,500000.0
Paraguay,2017-2019,millions,600000.0
Peru,2009-2011,millions,2500000.0
Peru,2011-2013,millions,2000000.0
Peru,2013-2015,millions,1600000.0
Peru,2015-2017,millions,2100000.0
Peru,2017-2019,millions,2500000.0
Philippines,2009-2011,millions,12600000.0
Philippines,2011-2013,millions,13300000.0
Philippines,2013-2015,millions,13900000.0
Philippines,2015-2017,millions,12500000.0
Philippines,2017-2019,millions,10300000.0
Poland,2009-2011,millions,
Poland,2011-2013,millions,
Poland,2013-2015,millions,
Poland,2015-2017,millions,
Poland,2017-2019,millions,
Portugal,2009-2011,millions,
Portugal,2011-2013,millions,
Portugal,2013-2015,millions,
Portugal,2015-2017,millions,
Portugal,2017-2019,millions,
Puerto Rico,2009-2011,millions,
Puerto Rico,2011-2013,millions,
Puerto Rico,2013-2015,millions,
Puerto Rico,2015-2017,millions,
Puerto Rico,2017-2019,millions,
Qatar,2009-2011,millions,
Qatar,2011-2013,millions,
Qatar,2013-2015,millions,
Qatar,2015-2017,millions,
Qatar,2017-2019,millions,
Republic of Korea,2009-2011,millions,
Republic of Korea,2011-2013,millions,
Republic of Korea,2013-2015,millions,
Republic of Korea,2015-2017,millions,
Republic of Korea,2017-2019,millions,
Republic of Moldova,2009-2011,millions,
Republic of Moldova,2011-2013,millions,
Republic of Moldova,2013-2015,millions,
Republic of Moldova,2015-2017,millions,
Republic of Moldova,2017-2019,millions,
Romania,2009-2011,millions,
Romania,2011-2013,millions,
Romania,2013-2015,millions,
Romania,2015-2017,millions,
Romania,2017-2019,millions,
Russian Federation,2009-2011,millions,
Russian Federation,2011-2013,millions,
Russian Federation,2013-2015,millions,
Russian Federation,2015-2017,millions,
Russian Federation,2017-2019,millions,
Rwanda,2009-2011,millions,3100000.0
Rwanda,2011-2013,millions,3600000.0
Rwanda,2013-2015,millions,3900000.0
Rwanda,2015-2017,millions,4099999.9999999995
Rwanda,2017-2019,millions,4200000.0
Saint Kitts and Nevis,2009-2011,millions,
Saint Kitts and Nevis,2011-2013,millions,
Saint Kitts and Nevis,2013-2015,millions,
Saint Kitts and Nevis,2015-2017,millions,
Saint Kitts and Nevis,2017-2019,millions,
Saint Lucia,2009-2011,millions,
Saint Lucia,2011-2013,millions,
Saint Lucia,2013-2015,millions,
Saint Lucia,2015-2017,millions,
Saint Lucia,2017-2019,millions,
Saint Vincent and the Grenadines,2009-2011,millions,100000.0
Saint Vincent and the Grenadines,2011-2013,millions,100000.0
Saint Vincent and the Grenadines,2013-2015,millions,100000.0
Saint Vincent and the Grenadines,2015-2017,millions,100000.0
Saint Vincent and the Grenadines,2017-2019,millions,100000.0
Samoa,2009-2011,millions,100000.0
Samoa,2011-2013,millions,100000.0
Samoa,2013-2015,millions,100000.0
Samoa,2015-2017,millions,100000.0
Samoa,2017-2019,millions,100000.0
Sao Tome and Principe,2009-2011,millions,100000.0
Sao Tome and Principe,2011-2013,millions,100000.0
Sao Tome and Principe,2013-2015,millions,100000.0
Sao Tome and Principe,2015-2017,millions,100000.0
Sao Tome and Principe,2017-2019,millions,100000.0
Saudi Arabia,2009-2011,millions,1600000.0
Saudi Arabia,2011-2013,millions,1600000.0
Saudi Arabia,2013-2015,millions,1300000.0
Saudi Arabia,2015-2017,millions,1200000.0
Saudi Arabia,2017-2019,millions,1300000.0
Senegal,2009-2011,millions,1400000.0
Senegal,2011-2013,millions,1600000.0
Senegal,2013-2015,millions,1600000.0
Senegal,2015-2017,millions,1300000.0
Senegal,2017-2019,millions,1200000.0
Serbia,2009-2011,millions,
Serbia,2011-2013,millions,200000.0
Serbia,2013-2015,millions,300000.0
Serbia,2015-2017,millions,400000.0
Serbia,2017-2019,millions,300000.0
Seychelles,2009-2011,millions,
Seychelles,2011-2013,millions,
Seychelles,2013-2015,millions,
Seychelles,2015-2017,millions,
Seychelles,2017-2019,millions,
Sierra Leone,2009-2011,millions,1800000.0
Sierra Leone,2011-2013,millions,1600000.0
Sierra Leone,2013-2015,millions,1800000.0
Sierra Leone,2015-2017,millions,1900000.0
Sierra Leone,2017-2019,millions,2000000.0
Singapore,2009-2011,millions,
Singapore,2011-2013,millions,
Singapore,2013-2015,millions,
Singapore,2015-2017,millions,
Singapore,2017-2019,millions,
Slovakia,2009-2011,millions,200000.0
Slovakia,2011-2013,millions,200000.0
Slovakia,2013-2015,millions,300000.0
Slovakia,2015-2017,millions,300000.0
Slovakia,2017-2019,millions,200000.0
Slovenia,2009-2011,millions,
Slovenia,2011-2013,millions,
Slovenia,2013-2015,millions,
Slovenia,2015-2017,millions,
Slovenia,2017-2019,millions,
Solomon Islands,2009-2011,millions,100000.0
Solomon Islands,2011-2013,millions,100000.0
Solomon Islands,2013-2015,millions,100000.0
Solomon Islands,2015-2017,millions,100000.0
Solomon Islands,2017-2019,millions,100000.0
Somalia,2009-2011,millions,9100000.0
Somalia,2011-2013,millions,10100000.0
Somalia,2013-2015,millions,8800000.0
Somalia,2015-2017,millions,8199999.999999999
Somalia,2017-2019,millions,8600000.0
South Africa,2009-2011,millions,1800000.0
South Africa,2011-2013,millions,2100000.0
South Africa,2013-2015,millions,2600000.0
South Africa,2015-2017,millions,3000000.0
South Africa,2017-2019,millions,3200000.0
South Sudan,2009-2011,millions,
South Sudan,2011-2013,millions,
South Sudan,2013-2015,millions,
South Sudan,2015-2017,millions,
South Sudan,2017-2019,millions,
Spain,2009-2011,millions,
Spain,2011-2013,millions,
Spain,2013-2015,millions,
Spain,2015-2017,millions,
Spain,2017-2019,millions,
Sri Lanka,2009-2011,millions,2300000.0
Sri Lanka,2011-2013,millions,2100000.0
Sri Lanka,2013-2015,millions,1700000.0
Sri Lanka,2015-2017,millions,1300000.0
Sri Lanka,2017-2019,millions,1300000.0
Sudan,2009-2011,millions,5700000.0
Sudan,2011-2013,millions,4800000.0
Sudan,2013-2015,millions,4200000.0
Sudan,2015-2017,millions,4700000.0
Sudan,2017-2019,millions,5000000.0
Suriname,2009-2011,millions,100000.0
Suriname,2011-2013,millions,100000.0
Suriname,2013-2015,millions,100000.0
Suriname,2015-2017,millions,100000.0
Suriname,2017-2019,millions,100000.0
Sweden,2009-2011,millions,
Sweden,2011-2013,millions,
Sweden,2013-2015,millions,
Sweden,2015-2017,millions,
Sweden,2017-2019,millions,
Switzerland,2009-2011,millions,
Switzerland,2011-2013,millions,
Switzerland,2013-2015,millions,
Switzerland,2015-2017,millions,
Switzerland,2017-2019,millions,
Syrian Arab Republic,2009-2011,millions,
Syrian Arab Republic,2011-2013,millions,
Syrian Arab Republic,2013-2015,millions,
Syrian Arab Republic,2015-2017,millions,
Syrian Arab Republic,2017-2019,millions,
Tajikistan,2009-2011,millions,
Tajikistan,2011-2013,millions,
Tajikistan,2013-2015,millions,
Tajikistan,2015-2017,millions,
Tajikistan,2017-2019,millions,
Thailand,2009-2011,millions,6700000.0
Thailand,2011-2013,millions,6000000.0
Thailand,2013-2015,millions,5300000.0
Thailand,2015-2017,millions,5100000.0
Thailand,2017-2019,millions,5500000.0
Timor-Leste,2009-2011,millions,400000.0
Timor-Leste,2011-2013,millions,400000.0
Timor-Leste,2013-2015,millions,300000.0
Timor-Leste,2015-2017,millions,300000.0
Timor-Leste,2017-2019,millions,300000.0
Togo,2009-2011,millions,1400000.0
Togo,2011-2013,millions,1300000.0
Togo,2013-2015,millions,1500000.0
Togo,2015-2017,millions,1600000.0
Togo,2017-2019,millions,1600000.0
Tokelau,2009-2011,millions,
Tokelau,2011-2013,millions,
Tokelau,2013-2015,millions,
Tokelau,2015-2017,millions,
Tokelau,2017-2019,millions,
Tonga,2009-2011,millions,
Tonga,2011-2013,millions,
Tonga,2013-2015,millions,
Tonga,2015-2017,millions,
Tonga,2017-2019,millions,
Trinidad and Tobago,2009-2011,millions,100000.0
Trinidad and Tobago,2011-2013,millions,100000.0
Trinidad and Tobago,2013-2015,millions,100000.0
Trinidad and Tobago,2015-2017,millions,100000.0
Trinidad and Tobago,2017-2019,millions,100000.0
Tunisia,2009-2011,millions,400000.0
Tunisia,2011-2013,millions,300000.0
Tunisia,2013-2015,millions,300000.0
Tunisia,2015-2017,millions,
Tunisia,2017-2019,millions,300000.0
Turkey,2009-2011,millions,
Turkey,2011-2013,millions,
Turkey,2013-2015,millions,
Turkey,2015-2017,millions,
Turkey,2017-2019,millions,
Turkmenistan,2009-2011,millions,200000.0
Turkmenistan,2011-2013,millions,300000.0
Turkmenistan,2013-2015,millions,200000.0
Turkmenistan,2015-2017,millions,200000.0
Turkmenistan,2017-2019,millions,200000.0
Tuvalu,2009-2011,millions,
Tuvalu,2011-2013,millions,
Tuvalu,2013-2015,millions,
Tuvalu,2015-2017,millions,
Tuvalu,2017-2019,millions,
Uganda,2009-2011,millions,
Uganda,2011-2013,millions,
Uganda,2013-2015,millions,
Uganda,2015-2017,millions,
Uganda,2017-2019,millions,
Ukraine,2009-2011,millions,
Ukraine,2011-2013,millions,
Ukraine,2013-2015,millions,
Ukraine,2015-2017,millions,
Ukraine,2017-2019,millions,
United Arab Emirates,2009-2011,millions,500000.0
United Arab Emirates,2011-2013,millions,400000.0
United Arab Emirates,2013-2015,millions,300000.0
United Arab Emirates,2015-2017,millions,300000.0
United Arab Emirates,2017-2019,millions,300000.0
United Kingdom of Great Britain and Northern Ireland,2009-2011,millions,
United Kingdom of Great Britain and Northern Ireland,2011-2013,millions,
United Kingdom of Great Britain and Northern Ireland,2013-2015,millions,
United Kingdom of Great Britain and Northern Ireland,2015-2017,millions,
United Kingdom of Great Britain and Northern Ireland,2017-2019,millions,
United Republic of Tanzania,2009-2011,millions,13100000.0
United Republic of Tanzania,2011-2013,millions,12800000.0
United Republic of Tanzania,2013-2015,millions,12600000.0
United Republic of Tanzania,2015-2017,millions,12800000.0
United Republic of Tanzania,2017-2019,millions,13600000.0
United States of America,2009-2011,millions,
United States of America,2011-2013,millions,
United States of America,2013-2015,millions,
United States of America,2015-2017,millions,
United States of America,2017-2019,millions,
Uruguay,2009-2011,millions,
Uruguay,2011-2013,millions,
Uruguay,2013-2015,millions,
Uruguay,2015-2017,millions,
Uruguay,2017-2019,millions,
Uzbekistan,2009-2011,millions,1600000.0
Uzbekistan,2011-2013,millions,
Uzbekistan,2013-2015,millions,
Uzbekistan,2015-2017,millions,
Uzbekistan,2017-2019,millions,
Vanuatu,2009-2011,millions,100000.0
Vanuatu,2011-2013,millions,100000.0
Vanuatu,2013-2015,millions,100000.0
Vanuatu,2015-2017,millions,100000.0
Vanuatu,2017-2019,millions,100000.0
Venezuela (Bolivarian Republic of),2009-2011,millions,
Venezuela (Bolivarian Republic of),2011-2013,millions,900000.0
Venezuela (Bolivarian Republic of),2013-2015,millions,1500000.0
Venezuela (Bolivarian Republic of),2015-2017,millions,4900000.0
Venezuela (Bolivarian Republic of),2017-2019,millions,6800000.0
Viet Nam,2009-2011,millions,9700000.0
Viet Nam,2011-2013,millions,8400000.0
Viet Nam,2013-2015,millions,7800000.0
Viet Nam,2015-2017,millions,7300000.0
Viet Nam,2017-2019,millions,6500000.0
Yemen,2009-2011,millions,6100000.0
Yemen,2011-2013,millions,8199999.999999999
Yemen,2013-2015,millions,10000000.0
Yemen,2015-2017,millions,12500000.0
Yemen,2017-2019,millions,12900000.0
Zambia,2009-2011,millions,
Zambia,2011-2013,millions,
Zambia,2013-2015,millions,
Zambia,2015-2017,millions,
Zambia,2017-2019,millions,
Zimbabwe,2009-2011,millions,
Zimbabwe,2011-2013,millions,
Zimbabwe,2013-2015,millions,
Zimbabwe,2015-2017,millions,
Zimbabwe,2017-2019,millions,
